userName,firstName,lastName
user1gmail.com,user1,user1
user2gmail.com,user2,user2   
user3gmail.com,user3,user3   
user4gmail.com,user4,user4   
user5gmail.com,user5,user5   
user6gmail.com,user6,user6   
user7gmail.com,user7,user7   
user8gmail.com,user8,user8   
user9gmail.com,user9,user9   
user10gmail.com,user10,user10
user11gmail.com,user11,user11
user12gmail.com,user12,user12
user13gmail.com,user13,user13
user14gmail.com,user14,user14
user15gmail.com,user15,user15
user16gmail.com,user16,user16
user17gmail.com,user17,user17
user18gmail.com,user18,user18
user19gmail.com,user19,user19
user20gmail.com,user20,user20
user21gmail.com,user21,user21
user22gmail.com,user22,user22
user23gmail.com,user23,user23
user24gmail.com,user24,user24
user25gmail.com,user25,user25
user26gmail.com,user26,user26
user27gmail.com,user27,user27
user28gmail.com,user28,user28
user29gmail.com,user29,user29
user30gmail.com,user30,user30
user31gmail.com,user31,user31
user32gmail.com,user32,user32
user33gmail.com,user33,user33
user34gmail.com,user34,user34
user35gmail.com,user35,user35
user36gmail.com,user36,user36
user37gmail.com,user37,user37
user38gmail.com,user38,user38
user39gmail.com,user39,user39
user40gmail.com,user40,user40
user41gmail.com,user41,user41
user42gmail.com,user42,user42
user43gmail.com,user43,user43
user44gmail.com,user44,user44
user45gmail.com,user45,user45
user46gmail.com,user46,user46
user47gmail.com,user47,user47
user48gmail.com,user48,user48
user49gmail.com,user49,user49
user50gmail.com,user50,user50
user51gmail.com,user51,user51
user52gmail.com,user52,user52
user53gmail.com,user53,user53
user54gmail.com,user54,user54
user55gmail.com,user55,user55
user56gmail.com,user56,user56
user57gmail.com,user57,user57
user58gmail.com,user58,user58
user59gmail.com,user59,user59
user60gmail.com,user60,user60
user61gmail.com,user61,user61
user62gmail.com,user62,user62
user63gmail.com,user63,user63
user64gmail.com,user64,user64
user65gmail.com,user65,user65
user66gmail.com,user66,user66
user67gmail.com,user67,user67
user68gmail.com,user68,user68
user69gmail.com,user69,user69
user70gmail.com,user70,user70
user71gmail.com,user71,user71
user72gmail.com,user72,user72
user73gmail.com,user73,user73
user74gmail.com,user74,user74
user75gmail.com,user75,user75
user76gmail.com,user76,user76
user77gmail.com,user77,user77
user78gmail.com,user78,user78
user79gmail.com,user79,user79
user80gmail.com,user80,user80
user81gmail.com,user81,user81
user82gmail.com,user82,user82
user83gmail.com,user83,user83
user84gmail.com,user84,user84
user85gmail.com,user85,user85
user86gmail.com,user86,user86
user87gmail.com,user87,user87
user88gmail.com,user88,user88
user89gmail.com,user89,user89
user90gmail.com,user90,user90
user91gmail.com,user91,user91
user92gmail.com,user92,user92
user93gmail.com,user93,user93
user94gmail.com,user94,user94
user95gmail.com,user95,user95
user96gmail.com,user96,user96
user97gmail.com,user97,user97
user98gmail.com,user98,user98
user99gmail.com,user99,user99
user100gmail.com,user100,user100
